id_quest,description,date_begin,date_end
1,teste,2022-04-05,2023-06-09
2,teste,2022-04-20,2023-06-09
3,teste,2022-04-03,2023-06-09
4,teste,2022-04-28,2023-06-09
5,teste,2022-05-09,2023-06-09
6,teste,2022-06-26,2023-06-09
7,teste,2022-06-14,2023-06-09
8,teste,2022-06-11,2023-06-09
9,teste,2022-06-14,2023-06-09
10,teste,2022-06-13,2023-06-09
11,teste,2022-06-26,2023-06-09
12,teste,2022-06-21,2023-06-09
13,teste,2022-06-14,2023-06-09
14,teste,2022-06-08,2023-06-09
15,teste,2022-07-05,2023-06-09
16,teste,2022-07-26,2023-06-09
17,teste,2022-07-06,2023-06-09
18,teste,2022-07-28,2023-06-09
19,teste,2022-07-21,2023-06-09
20,teste,2022-07-08,2023-06-09
21,teste,2022-07-25,2023-06-09
22,teste,2022-07-17,2023-06-09
23,teste,2022-07-02,2023-06-09
24,teste,2022-07-17,2023-06-09
25,teste,2022-07-01,2023-06-09
26,teste,2022-07-11,2023-06-09
27,teste,2022-08-15,2023-06-09
28,teste,2022-08-13,2023-06-09
29,teste,2022-08-17,2023-06-09
30,teste,2022-08-24,2023-06-09
31,teste,2022-08-25,2023-06-09
32,teste,2022-08-24,2023-06-09
33,teste,2022-08-26,2023-06-09
34,teste,2022-08-15,2023-06-09
35,teste,2022-08-28,2023-06-09
36,teste,2022-08-24,2023-06-09
37,teste,2022-08-11,2023-06-09
38,teste,2022-08-19,2023-06-09
39,teste,2022-08-14,2023-06-09
40,teste,2022-08-18,2023-06-09
41,teste,2022-08-18,2023-06-09
42,teste,2022-08-23,2023-06-09
43,teste,2022-09-05,2023-06-09
44,teste,2022-09-10,2023-06-09
45,teste,2022-09-11,2023-06-09
46,teste,2022-09-20,2023-06-09
47,teste,2022-09-09,2023-06-09
48,teste,2022-09-28,2023-06-09
49,teste,2022-09-22,2023-06-09
50,teste,2022-09-06,2023-06-09
51,teste,2022-09-24,2023-06-09
52,teste,2022-09-06,2023-06-09
53,teste,2022-09-07,2023-06-09
54,teste,2022-09-21,2023-06-09
55,teste,2022-09-23,2023-06-09
56,teste,2022-09-16,2023-06-09
57,teste,2022-09-05,2023-06-09
58,teste,2022-09-09,2023-06-09
59,teste,2022-09-19,2023-06-09
60,teste,2022-09-02,2023-06-09
61,teste,2022-09-07,2023-06-09
62,teste,2022-09-13,2023-06-09
63,teste,2022-10-28,2023-06-09
64,teste,2022-10-14,2023-06-09
65,teste,2022-10-06,2023-06-09
66,teste,2022-10-11,2023-06-09
67,teste,2022-10-16,2023-06-09
68,teste,2022-10-03,2023-06-09
69,teste,2022-10-14,2023-06-09
70,teste,2022-10-24,2023-06-09
71,teste,2022-10-25,2023-06-09
72,teste,2022-10-09,2023-06-09
73,teste,2022-10-19,2023-06-09
74,teste,2022-10-17,2023-06-09
75,teste,2022-10-05,2023-06-09
76,teste,2022-10-01,2023-06-09
77,teste,2022-10-11,2023-06-09
78,teste,2022-10-01,2023-06-09
79,teste,2022-10-15,2023-06-09
80,teste,2022-10-04,2023-06-09
81,teste,2022-10-19,2023-06-09
82,teste,2022-10-18,2023-06-09
83,teste,2022-10-03,2023-06-09
84,teste,2022-10-04,2023-06-09
85,teste,2022-10-05,2023-06-09
86,teste,2022-11-12,2023-06-09
87,teste,2022-11-28,2023-06-09
88,teste,2022-11-08,2023-06-09
89,teste,2022-11-13,2023-06-09
90,teste,2022-11-17,2023-06-09
91,teste,2022-11-12,2023-06-09
92,teste,2022-11-05,2023-06-09
93,teste,2022-11-01,2023-06-09
94,teste,2022-11-27,2023-06-09
95,teste,2022-11-14,2023-06-09
96,teste,2022-11-07,2023-06-09
97,teste,2022-11-14,2023-06-09
98,teste,2022-11-24,2023-06-09
99,teste,2022-11-21,2023-06-09
100,teste,2022-11-04,2023-06-09
101,teste,2022-11-13,2023-06-09
102,teste,2022-11-05,2023-06-09
103,teste,2022-11-15,2023-06-09
104,teste,2022-11-24,2023-06-09
105,teste,2022-11-18,2023-06-09
106,teste,2022-11-12,2023-06-09
107,teste,2022-12-02,2023-06-09
108,teste,2022-12-07,2023-06-09
109,teste,2022-12-02,2023-06-09
110,teste,2022-12-18,2023-06-09
111,teste,2022-12-16,2023-06-09
112,teste,2022-12-10,2023-06-09
113,teste,2022-12-20,2023-06-09
114,teste,2022-12-18,2023-06-09
115,teste,2022-12-25,2023-06-09
116,teste,2022-12-01,2023-06-09
117,teste,2022-12-18,2023-06-09
118,teste,2022-12-10,2023-06-09
119,teste,2022-12-02,2023-06-09
120,teste,2022-12-14,2023-06-09
121,teste,2022-12-10,2023-06-09
122,teste,2022-12-10,2023-06-09
123,teste,2022-12-11,2023-06-09
124,teste,2022-12-17,2023-06-09
125,teste,2022-12-13,2023-06-09
126,teste,2022-12-15,2023-06-09
127,teste,2022-12-22,2023-06-09
